Sample	I	II	III	aVR	aVL	aVF	V1	V2	V3	V4	V5	V6
0	2043	2036	-7	-2040	3	-3	2056	2018	2016	1976	1997	1990
1	2046	2042	-4	-2044	2	-2	2063	2026	2023	1983	2003	1997
2	2051	2051	0	-2051	0	0	2075	2039	2035	1996	2015	2010
3	2060	2065	5	-2062	-2	2	2092	2058	2053	2018	2033	2029
4	2071	2083	12	-2077	-6	6	2113	2080	2075	2046	2058	2054
5	2084	2104	20	-2094	-10	10	2134	2104	2100	2080	2086	2081
6	2097	2124	27	-2111	-13	13	2155	2128	2126	2114	2115	2106
7	2109	2143	34	-2126	-17	17	2173	2149	2149	2144	2142	2129
8	2120	2159	39	-2140	-19	19	2188	2166	2168	2170	2165	2146
9	2129	2171	42	-2150	-21	21	2199	2180	2183	2190	2183	2159
10	2135	2180	44	-2158	-22	22	2207	2189	2193	2204	2197	2168
11	2140	2185	45	-2163	-22	22	2213	2195	2201	2213	2205	2173
12	2143	2187	44	-2165	-22	22	2214	2195	2204	2217	2209	2174
13	2144	2186	42	-2165	-21	21	2213	2191	2203	2215	2209	2172
14	2142	2182	39	-2162	-19	19	2207	2183	2199	2209	2203	2166
15	2138	2176	37	-2157	-18	18	2198	2171	2189	2197	2193	2156
16	2131	2167	35	-2149	-17	17	2185	2156	2175	2179	2178	2142
17	2122	2154	32	-2138	-16	16	2169	2137	2156	2157	2159	2123
18	2110	2139	28	-2125	-14	14	2149	2116	2133	2130	2135	2100
19	2097	2121	23	-2109	-11	11	2127	2091	2107	2098	2107	2074
20	2082	2100	17	-2091	-8	8	2104	2067	2080	2065	2077	2046
21	2069	2079	10	-2074	-5	5	2082	2044	2055	2032	2048	2021
22	2057	2061	4	-2059	-2	2	2065	2026	2034	2003	2022	2001
23	2048	2047	-1	-2047	0	0	2054	2014	2019	1981	2003	1987
24	2042	2037	-4	-2040	2	-2	2048	2007	2010	1967	1991	1980
25	2039	2033	-6	-2036	3	-3	2047	2004	2007	1961	1985	1977
26	2038	2031	-7	-2035	3	-3	2047	2003	2006	1961	1984	1977
27	2038	2032	-6	-2035	3	-3	2048	2002	2006	1962	1985	1979
28	2039	2033	-5	-2036	2	-2	2047	2001	2006	1965	1985	1980
29	2039	2034	-5	-2036	2	-2	2046	2001	2005	1967	1986	1981
30	2039	2034	-4	-2036	2	-2	2046	2001	2005	1969	1986	1983
31	2038	2034	-4	-2036	2	-2	2047	2001	2005	1970	1987	1983
32	2038	2034	-3	-2036	1	-1	2048	2001	2006	1971	1988	1983
33	2038	2033	-4	-2035	2	-2	2050	2002	2007	1972	1989	1983
34	2038	2032	-5	-2035	2	-2	2052	2002	2007	1972	1990	1982
35	2039	2032	-6	-2036	3	-3	2053	2003	2007	1972	1992	1981
36	2040	2032	-7	-2036	3	-3	2054	2003	2007	1972	1992	1981
37	2041	2032	-8	-2036	4	-4	2053	2003	2006	1972	1993	1980
38	2041	2032	-9	-2036	4	-4	2053	2004	2005	1972	1993	1979
39	2041	2031	-9	-2036	4	-4	2053	2005	2005	1972	1993	1978
40	2041	2031	-9	-2036	4	-4	2053	2007	2005	1972	1994	1978
41	2042	2030	-11	-2036	5	-5	2052	2006	2005	1972	1994	1977
42	2040	2024	-16	-2032	8	-8	2047	2000	1999	1967	1987	1970
43	2035	2007	-28	-2021	14	-14	2037	1984	1982	1953	1967	1949
44	2025	1976	-49	-2000	24	-24	2021	1959	1954	1923	1928	1912
45	2011	1938	-73	-1974	36	-36	2008	1939	1927	1884	1879	1876
46	2004	1911	-92	-1957	46	-46	2011	1943	1927	1863	1850	1868
47	2015	1919	-95	-1967	47	-47	2047	1991	1981	1893	1875	1922
48	2057	1983	-73	-2020	36	-36	2124	2097	2114	2007	1987	2061
49	2136	2111	-24	-2123	12	-12	2243	2261	2331	2222	2199	2290
50	2250	2297	46	-2273	-23	23	2395	2470	2621	2528	2502	2593
51	2391	2520	129	-2455	-64	64	2562	2695	2951	2897	2866	2934
52	2538	2743	205	-2641	-102	102	2710	2888	3266	3268	3233	3254
53	2667	2926	258	-2797	-129	129	2806	3000	3499	3578	3537	3491
54	2754	3031	276	-2892	-138	138	2818	2989	3591	3765	3720	3595
55	2780	3034	253	-2907	-126	126	2731	2837	3505	3784	3741	3540
56	2739	2932	192	-2836	-96	96	2550	2554	3241	3622	3592	3334
57	2638	2743	105	-2691	-52	52	2296	2175	2836	3300	3299	3016
58	2495	2503	7	-2499	-3	3	2011	1763	2355	2869	2915	2646
59	2338	2257	-80	-2298	40	-40	1748	1398	1890	2414	2516	2295
60	2193	2049	-144	-2121	72	-72	1558	1152	1522	2007	2167	2016
61	2079	1904	-175	-1992	87	-87	1473	1070	1309	1716	1914	1836
62	2006	1834	-172	-1920	86	-86	1497	1151	1267	1569	1774	1758
63	1973	1828	-144	-1901	72	-72	1605	1349	1369	1554	1736	1762
64	1972	1867	-104	-1919	52	-52	1751	1593	1551	1630	1770	1813
65	1987	1922	-65	-1954	32	-32	1889	1806	1741	1743	1834	1875
66	2005	1969	-36	-1987	18	-18	1985	1945	1884	1843	1893	1922
67	2018	1998	-19	-2008	9	-9	2035	2011	1963	1905	1930	1945
68	2024	2011	-12	-2017	6	-6	2050	2027	1989	1929	1944	1951
69	2025	2014	-10	-2020	5	-5	2051	2023	1990	1931	1946	1949
70	2025	2014	-11	-2020	5	-5	2048	2017	1985	1926	1944	1946
71	2024	2013	-11	-2019	5	-5	2046	2013	1981	1922	1941	1945
72	2024	2011	-12	-2018	6	-6	2045	2011	1980	1921	1940	1945
73	2023	2011	-12	-2017	6	-6	2046	2011	1979	1922	1940	1946
74	2022	2011	-10	-2016	5	-5	2047	2011	1980	1924	1941	1948
75	2021	2012	-9	-2016	4	-4	2049	2011	1981	1926	1943	1949
76	2021	2013	-7	-2017	3	-3	2050	2012	1983	1927	1945	1950
77	2021	2015	-6	-2018	3	-3	2052	2013	1985	1929	1947	1951
78	2022	2017	-5	-2019	2	-2	2054	2014	1988	1930	1950	1952
79	2023	2018	-4	-2020	2	-2	2056	2014	1990	1933	1952	1954
80	2024	2020	-4	-2022	2	-2	2059	2015	1992	1936	1956	1956
81	2026	2022	-3	-2024	1	-1	2061	2016	1995	1940	1959	1959
82	2028	2024	-3	-2026	1	-1	2063	2019	1998	1945	1962	1963
83	2030	2027	-3	-2028	1	-1	2065	2022	2001	1950	1966	1966
84	2033	2029	-3	-2031	1	-1	2067	2026	2004	1955	1970	1970
85	2035	2033	-2	-2034	1	-1	2069	2030	2008	1960	1974	1975
86	2038	2037	-1	-2038	0	0	2071	2033	2012	1966	1978	1981
87	2041	2041	0	-2041	0	0	2074	2038	2017	1972	1983	1988
88	2044	2045	1	-2045	0	0	2077	2042	2022	1979	1988	1994
89	2047	2049	2	-2048	-1	1	2080	2048	2028	1985	1994	2000
90	2049	2054	4	-2052	-2	2	2083	2054	2034	1992	2000	2005
91	2052	2059	6	-2056	-3	3	2087	2060	2040	1999	2007	2011
92	2055	2064	8	-2060	-4	4	2091	2065	2047	2008	2014	2018
93	2059	2070	11	-2065	-5	5	2096	2071	2055	2017	2023	2025
94	2063	2076	13	-2070	-6	6	2101	2077	2063	2028	2032	2032
95	2068	2083	14	-2075	-7	7	2105	2082	2072	2040	2042	2040
96	2074	2089	15	-2081	-7	7	2110	2089	2081	2051	2052	2047
97	2079	2095	15	-2087	-7	7	2115	2095	2091	2063	2062	2055
98	2084	2101	16	-2092	-8	8	2120	2102	2100	2074	2071	2064
99	2089	2107	17	-2098	-8	8	2125	2110	2109	2085	2080	2073
100	2093	2113	19	-2103	-9	9	2130	2119	2119	2097	2089	2084
101	2097	2121	23	-2109	-11	11	2137	2129	2129	2110	2098	2095
102	2101	2129	27	-2115	-13	13	2144	2139	2140	2124	2109	2107
103	2106	2138	31	-2122	-15	15	2152	2148	2151	2140	2122	2119
104	2111	2146	34	-2129	-17	17	2160	2156	2163	2156	2135	2131
105	2118	2154	36	-2136	-18	18	2167	2162	2176	2173	2149	2142
106	2124	2162	38	-2143	-19	19	2174	2168	2188	2188	2162	2153
107	2130	2170	39	-2150	-19	19	2181	2175	2201	2203	2175	2164
108	2137	2178	41	-2158	-20	20	2190	2184	2216	2219	2189	2176
109	2144	2189	44	-2166	-22	22	2201	2197	2234	2237	2205	2192
110	2152	2201	48	-2177	-24	24	2213	2213	2255	2260	2225	2211
111	2162	2216	54	-2189	-27	27	2227	2231	2279	2287	2247	2233
112	2172	2233	60	-2203	-30	30	2243	2250	2304	2317	2272	2257
113	2184	2250	66	-2217	-33	33	2257	2269	2330	2349	2298	2280
114	2195	2267	72	-2231	-36	36	2271	2287	2355	2381	2323	2302
115	2205	2282	76	-2243	-38	38	2283	2301	2376	2411	2345	2321
116	2213	2293	79	-2253	-39	39	2292	2312	2392	2434	2363	2335
117	2219	2300	80	-2260	-40	40	2297	2317	2402	2449	2374	2342
118	2222	2302	80	-2262	-40	40	2297	2317	2404	2454	2378	2343
119	2221	2299	78	-2260	-39	39	2293	2312	2397	2449	2374	2337
120	2217	2293	76	-2255	-38	38	2286	2304	2386	2437	2365	2326
121	2211	2285	74	-2248	-37	37	2277	2295	2372	2422	2352	2313
122	2205	2277	71	-2241	-35	35	2268	2286	2357	2406	2340	2300
123	2199	2268	68	-2233	-34	34	2259	2275	2342	2390	2327	2286
124	2193	2256	63	-2224	-31	31	2247	2261	2323	2370	2311	2269
125	2184	2238	54	-2211	-27	27	2230	2240	2296	2341	2287	2244
126	2170	2214	44	-2192	-22	22	2207	2210	2259	2301	2252	2209
127	2151	2183	32	-2167	-16	16	2179	2174	2211	2246	2206	2166
128	2128	2148	19	-2138	-9	9	2147	2134	2157	2182	2152	2117
129	2104	2112	8	-2108	-4	4	2117	2097	2104	2115	2097	2069
130	2081	2079	-1	-2080	0	0	2090	2065	2056	2052	2046	2026
131	2062	2051	-10	-2056	5	-5	2069	2039	2016	1999	2003	1992
132	2045	2030	-15	-2038	7	-7	2054	2020	1986	1957	1971	1966
133	2033	2014	-19	-2024	9	-9	2044	2007	1964	1926	1949	1948
134	2024	2003	-21	-2014	10	-10	2037	1998	1950	1905	1934	1936
135	2019	1997	-21	-2008	10	-10	2034	1994	1942	1893	1926	1930
136	2016	1994	-22	-2005	11	-11	2033	1992	1938	1887	1923	1928
137	2016	1993	-22	-2005	11	-11	2033	1991	1936	1886	1923	1929
138	2017	1994	-22	-2005	11	-11	2032	1991	1936	1888	1924	1932
139	2018	1994	-23	-2006	11	-11	2032	1992	1937	1890	1925	1933
140	2018	1994	-24	-2006	12	-12	2032	1992	1937	1891	1927	1934
141	2018	1994	-24	-2006	12	-12	2031	1993	1938	1892	1927	1935
142	2017	1994	-23	-2006	11	-11	2030	1994	1939	1893	1928	1936
143	2016	1993	-22	-2005	11	-11	2030	1996	1940	1894	1928	1936
144	2015	1993	-22	-2004	11	-11	2030	1997	1940	1895	1928	1937
145	2015	1992	-22	-2003	11	-11	2031	1997	1941	1897	1928	1938
146	2015	1991	-23	-2003	11	-11	2031	1997	1940	1898	1927	1939
147	2016	1992	-24	-2004	12	-12	2032	1997	1939	1899	1927	1940
148	2018	1993	-24	-2005	12	-12	2032	1997	1938	1899	1927	1940
149	2019	1994	-24	-2006	12	-12	2032	1996	1938	1900	1928	1940
150	2020	1995	-24	-2007	12	-12	2032	1995	1938	1901	1929	1940
151	2020	1995	-25	-2008	12	-12	2033	1994	1939	1903	1930	1940
152	2021	1995	-25	-2008	12	-12	2033	1994	1939	1904	1931	1941
153	2022	1995	-27	-2008	13	-13	2034	1995	1940	1905	1932	1941
154	2022	1994	-28	-2008	14	-14	2035	1997	1939	1905	1933	1940
155	2022	1994	-28	-2008	14	-14	2036	1999	1939	1906	1935	1939
156	2022	1995	-27	-2008	13	-13	2037	2000	1939	1906	1935	1939
157	2022	1996	-25	-2009	12	-12	2037	2001	1939	1907	1936	1939
158	2022	1998	-23	-2010	11	-11	2037	2002	1940	1908	1936	1939
159	2022	1999	-22	-2010	11	-11	2036	2002	1941	1909	1936	1939
160	2022	2000	-22	-2011	11	-11	2037	2002	1943	1909	1934	1940
161	2024	2000	-23	-2012	11	-11	2037	2002	1944	1910	1933	1941
162	2025	2000	-24	-2012	12	-12	2038	2002	1946	1910	1932	1942
163	2027	2001	-26	-2014	13	-13	2038	2002	1948	1911	1931	1943
164	2028	2002	-26	-2015	13	-13	2038	2002	1949	1911	1932	1944
165	2029	2003	-25	-2016	12	-12	2038	2002	1950	1911	1933	1945
166	2029	2004	-25	-2016	12	-12	2038	2002	1950	1913	1935	1945
167	2029	2005	-24	-2017	12	-12	2037	2002	1951	1915	1938	1945
168	2030	2006	-24	-2018	12	-12	2037	2003	1951	1918	1940	1945
169	2030	2006	-24	-2018	12	-12	2036	2004	1951	1920	1942	1945
170	2031	2006	-24	-2018	12	-12	2036	2005	1951	1922	1942	1945
171	2031	2005	-25	-2018	12	-12	2036	2006	1952	1923	1943	1946
172	2031	2004	-27	-2018	13	-13	2036	2006	1954	1924	1943	1947
173	2032	2003	-28	-2018	14	-14	2036	2006	1957	1925	1943	1948
174	2032	2003	-29	-2018	14	-14	2037	2005	1959	1925	1944	1950
175	2033	2003	-29	-2018	14	-14	2038	2003	1961	1924	1945	1952
176	2033	2004	-29	-2019	14	-14	2038	2002	1962	1924	1946	1953
177	2033	2005	-28	-2019	14	-14	2038	2000	1962	1924	1948	1954
178	2033	2006	-26	-2020	13	-13	2038	2000	1962	1924	1949	1955
179	2033	2008	-25	-2020	12	-12	2038	2002	1961	1925	1950	1955
180	2033	2008	-25	-2020	12	-12	2038	2003	1959	1925	1950	1955
181	2033	2008	-25	-2020	12	-12	2038	2005	1958	1924	1949	1955
182	2033	2007	-26	-2020	13	-13	2038	2006	1959	1924	1948	1955
183	2033	2007	-26	-2020	13	-13	2038	2007	1960	1925	1948	1955
184	2034	2008	-26	-2021	13	-13	2037	2007	1962	1926	1948	1955
185	2034	2008	-25	-2021	12	-12	2037	2008	1964	1929	1948	1954
186	2034	2009	-25	-2022	12	-12	2037	2008	1966	1931	1948	1955
187	2035	2010	-24	-2022	12	-12	2038	2009	1967	1934	1948	1955
188	2035	2011	-24	-2023	12	-12	2040	2009	1967	1935	1948	1955
189	2035	2012	-23	-2023	11	-11	2041	2009	1967	1936	1949	1956
190	2035	2013	-22	-2024	11	-11	2042	2009	1966	1936	1949	1957
191	2034	2014	-20	-2024	10	-10	2042	2009	1966	1936	1949	1958
192	2034	2015	-19	-2025	9	-9	2042	2009	1966	1936	1950	1960
193	2034	2016	-17	-2025	8	-8	2041	2010	1967	1936	1951	1962
194	2034	2017	-17	-2026	8	-8	2041	2010	1968	1936	1951	1963
195	2035	2016	-19	-2026	9	-9	2041	2011	1969	1936	1952	1964
196	2037	2016	-20	-2026	10	-10	2040	2011	1969	1937	1953	1965
197	2038	2014	-23	-2026	11	-11	2040	2010	1970	1937	1954	1964
198	2038	2013	-25	-2026	12	-12	2040	2010	1971	1938	1955	1964
199	2038	2012	-26	-2025	13	-13	2039	2009	1972	1938	1956	1965
200	2038	2011	-26	-2025	13	-13	2039	2009	1973	1938	1956	1966
201	2037	2011	-26	-2024	13	-13	2040	2009	1973	1938	1957	1967
202	2037	2011	-25	-2024	12	-12	2040	2010	1974	1938	1958	1969
203	2036	2011	-25	-2023	12	-12	2039	2010	1975	1938	1959	1970
204	2036	2012	-23	-2024	11	-11	2039	2010	1975	1938	1959	1971
205	2035	2013	-22	-2024	11	-11	2038	2010	1976	1938	1960	1971
206	2035	2014	-21	-2024	10	-10	2038	2011	1975	1938	1961	1971
207	2034	2015	-19	-2025	9	-9	2038	2011	1975	1938	1962	1971
208	2034	2016	-18	-2025	9	-9	2038	2012	1974	1938	1964	1971
209	2034	2016	-18	-2025	9	-9	2039	2014	1975	1938	1966	1971
210	2035	2017	-18	-2026	9	-9	2040	2015	1976	1939	1967	1971
211	2036	2017	-18	-2026	9	-9	2040	2017	1977	1941	1968	1971
212	2037	2017	-19	-2027	9	-9	2041	2017	1978	1942	1967	1971
213	2038	2017	-21	-2027	10	-10	2041	2016	1979	1944	1966	1972
214	2039	2016	-22	-2027	11	-11	2042	2016	1979	1945	1965	1972
215	2039	2016	-23	-2027	11	-11	2042	2015	1979	1946	1964	1973
216	2040	2015	-25	-2028	12	-12	2043	2015	1979	1946	1964	1973
217	2042	2015	-26	-2028	13	-13	2043	2014	1979	1947	1963	1974
218	2043	2016	-27	-2029	13	-13	2043	2014	1979	1948	1963	1974
219	2044	2016	-27	-2030	13	-13	2043	2014	1979	1950	1963	1973
220	2045	2017	-27	-2031	13	-13	2043	2013	1979	1951	1963	1973
221	2045	2017	-27	-2031	13	-13	2044	2011	1979	1952	1963	1973
222	2045	2018	-27	-2031	13	-13	2045	2010	1980	1953	1964	1973
223	2045	2018	-27	-2032	13	-13	2045	2010	1981	1953	1965	1973
224	2046	2018	-27	-2032	13	-13	2045	2010	1983	1953	1967	1973
225	2046	2019	-27	-2033	13	-13	2045	2009	1985	1954	1968	1973
226	2047	2019	-27	-2033	13	-13	2045	2008	1986	1954	1969	1972
227	2047	2020	-27	-2034	13	-13	2044	2007	1986	1954	1970	1972
228	2048	2020	-27	-2034	13	-13	2044	2007	1986	1953	1971	1972
229	2047	2019	-28	-2033	14	-14	2045	2006	1985	1952	1973	1972
230	2047	2019	-27	-2033	13	-13	2046	2006	1984	1952	1973	1973
231	2046	2019	-26	-2033	13	-13	2047	2007	1984	1952	1973	1975
232	2045	2020	-25	-2032	12	-12	2047	2008	1985	1952	1973	1976
233	2044	2021	-22	-2032	11	-11	2048	2009	1986	1953	1972	1978
234	2043	2023	-20	-2033	10	-10	2048	2010	1987	1954	1972	1980
235	2042	2025	-17	-2034	8	-8	2049	2010	1988	1955	1972	1981
236	2042	2027	-14	-2034	7	-7	2049	2010	1989	1956	1973	1982
237	2041	2028	-13	-2035	6	-6	2049	2010	1989	1957	1974	1983
238	2041	2029	-12	-2035	6	-6	2049	2011	1989	1958	1975	1983
239	2042	2030	-12	-2036	6	-6	2049	2013	1989	1959	1976	1982
240	2043	2030	-12	-2037	6	-6	2049	2015	1990	1960	1977	1982
241	2044	2031	-12	-2037	6	-6	2049	2017	1990	1961	1978	1981
242	2044	2031	-12	-2038	6	-6	2049	2019	1990	1963	1979	1981
243	2044	2032	-11	-2038	5	-5	2048	2019	1990	1965	1980	1980
244	2043	2032	-10	-2037	5	-5	2048	2019	1991	1966	1980	1979
245	2042	2032	-9	-2037	4	-4	2047	2019	1993	1967	1981	1979
246	2041	2032	-8	-2037	4	-4	2045	2018	1995	1968	1980	1979
247	2041	2032	-9	-2037	4	-4	2044	2017	1997	1968	1980	1979
248	2042	2032	-9	-2037	4	-4	2044	2017	1998	1968	1979	1979
249	2042	2032	-10	-2037	5	-5	2044	2017	1998	1968	1980	1980
250	2043	2032	-10	-2038	5	-5	2044	2017	1998	1968	1980	1980
251	2044	2032	-11	-2038	5	-5	2044	2017	1998	1969	1982	1981
252	2044	2032	-11	-2038	5	-5	2044	2017	1998	1969	1983	1982
253	2044	2031	-12	-2038	6	-6	2043	2018	1999	1969	1985	1984
254	2044	2031	-13	-2038	6	-6	2042	2020	2000	1970	1986	1985
255	2045	2032	-13	-2038	6	-6	2044	2023	2003	1971	1988	1987
256	2047	2034	-12	-2041	6	-6	2048	2030	2009	1975	1993	1992
257	2051	2041	-10	-2046	5	-5	2057	2040	2019	1983	2002	2003
258	2058	2053	-5	-2055	2	-2	2071	2055	2034	1999	2017	2019
259	2067	2070	2	-2068	-1	1	2090	2075	2055	2023	2039	2042
260	2079	2090	10	-2085	-5	5	2113	2098	2079	2054	2067	2069
261	2092	2112	19	-2102	-9	9	2135	2122	2104	2088	2096	2097
262	2106	2132	26	-2119	-13	13	2157	2143	2127	2121	2125	2121
263	2119	2150	31	-2134	-15	15	2175	2162	2148	2151	2150	2142
264	2130	2163	33	-2147	-16	16	2190	2176	2165	2176	2170	2159
265	2140	2173	32	-2157	-16	16	2201	2186	2178	2194	2185	2171
266	2148	2180	31	-2164	-15	15	2208	2192	2187	2208	2194	2179
267	2153	2184	30	-2168	-15	15	2212	2195	2192	2216	2199	2183
268	2155	2185	29	-2170	-14	14	2212	2193	2192	2219	2201	2183
269	2154	2182	28	-2168	-14	14	2208	2188	2188	2216	2198	2179
270	2150	2176	26	-2163	-13	13	2201	2179	2181	2208	2191	2171
271	2145	2167	22	-2156	-11	11	2191	2166	2170	2194	2180	2158
272	2137	2153	16	-2145	-8	8	2177	2150	2155	2175	2163	2141
273	2128	2137	9	-2132	-4	4	2159	2129	2136	2150	2142	2120
274	2117	2119	1	-2118	0	0	2139	2105	2113	2121	2115	2096
275	2104	2099	-5	-2101	2	-2	2117	2079	2087	2087	2085	2069
276	2089	2079	-10	-2084	5	-5	2094	2054	2060	2052	2054	2042
277	2075	2061	-14	-2068	7	-7	2074	2033	2035	2020	2025	2018
278	2063	2046	-16	-2054	8	-8	2059	2017	2015	1994	2002	2000
279	2053	2036	-17	-2044	8	-8	2049	2007	2002	1976	1986	1988
280	2047	2029	-18	-2038	9	-9	2043	2002	1994	1967	1978	1983
281	2045	2026	-18	-2036	9	-9	2042	2001	1991	1964	1977	1982
282	2044	2025	-18	-2034	9	-9	2042	2001	1991	1964	1979	1982
283	2044	2025	-18	-2034	9	-9	2042	2001	1992	1965	1982	1982
284	2043	2025	-18	-2034	9	-9	2043	2001	1994	1966	1984	1982
285	2042	2024	-17	-2033	8	-8	2043	2001	1995	1967	1985	1982
286	2041	2024	-17	-2032	8	-8	2044	2001	1995	1967	1984	1981
287	2040	2023	-16	-2031	8	-8	2044	2002	1995	1967	1982	1981
288	2039	2023	-16	-2031	8	-8	2044	2002	1995	1968	1981	1982
289	2039	2022	-16	-2031	8	-8	2042	2003	1995	1968	1980	1983
290	2040	2023	-17	-2031	8	-8	2041	2004	1996	1969	1980	1984
291	2042	2023	-18	-2033	9	-9	2039	2005	1998	1969	1981	1985
292	2044	2024	-20	-2034	10	-10	2038	2006	1999	1969	1982	1985
293	2046	2024	-21	-2035	10	-10	2038	2007	2001	1969	1983	1985
294	2047	2025	-22	-2036	11	-11	2038	2008	2002	1969	1985	1984
295	2048	2026	-21	-2037	10	-10	2039	2008	2003	1969	1986	1984
296	2048	2028	-20	-2038	10	-10	2040	2008	2003	1970	1987	1984
297	2047	2026	-20	-2037	10	-10	2038	2004	2000	1969	1985	1980
298	2044	2017	-27	-2030	13	-13	2031	1993	1990	1961	1974	1965
299	2036	1993	-42	-2015	21	-21	2017	1971	1967	1940	1946	1935
300	2024	1957	-66	-1991	33	-33	2002	1946	1938	1904	1900	1895
301	2011	1922	-89	-1967	44	-44	1995	1934	1919	1870	1857	1867
302	2011	1908	-102	-1959	51	-51	2013	1956	1940	1869	1849	1884
303	2034	1940	-94	-1987	47	-47	2067	2030	2027	1935	1911	1975
304	2093	2033	-59	-2063	29	-29	2164	2163	2198	2096	2069	2158
305	2189	2188	0	-2189	0	0	2300	2349	2449	2356	2325	2425
306	2318	2394	76	-2356	-38	38	2461	2570	2763	2696	2662	2752
307	2465	2622	156	-2544	-78	78	2623	2786	3095	3070	3034	3091
308	2608	2833	224	-2720	-112	112	2751	2947	3382	3421	3380	3379
309	2721	2985	263	-2853	-131	131	2811	3006	3557	3682	3634	3559
310	2780	3046	266	-2913	-133	133	2779	2931	3570	3797	3745	3591
311	2774	3002	228	-2888	-114	114	2648	2716	3398	3737	3687	3463
312	2702	2859	156	-2780	-78	78	2430	2384	3063	3500	3467	3199
313	2578	2641	63	-2610	-31	31	2155	1980	2613	3122	3125	2846
314	2425	2393	-31	-2409	15	-15	1873	1581	2128	2672	2726	2475
315	2270	2160	-110	-2215	55	-55	1639	1266	1701	2228	2343	2149
316	2139	1978	-160	-2059	80	-80	1496	1095	1402	1869	2036	1912
317	2044	1868	-176	-1956	88	-88	1465	1095	1273	1644	1835	1780
318	1991	1828	-162	-1910	81	-81	1534	1241	1306	1562	1746	1745
319	1974	1845	-128	-1909	64	-64	1667	1470	1454	1596	1746	1777
320	1981	1893	-88	-1937	44	-44	1816	1707	1649	1696	1799	1839
321	1998	1943	-54	-1971	27	-27	1935	1886	1821	1807	1863	1896
322	2014	1980	-33	-1997	16	-16	2007	1986	1932	1888	1911	1931
323	2023	1999	-24	-2011	12	-12	2038	2022	1982	1930	1936	1944
324	2026	2005	-20	-2015	10	-10	2045	2024	1993	1941	1944	1944
325	2026	2005	-20	-2016	10	-10	2044	2017	1989	1939	1944	1941
326	2026	2004	-21	-2015	10	-10	2042	2011	1985	1934	1942	1938
327	2025	2004	-21	-2015	10	-10	2040	2007	1982	1931	1941	1937
328	2026	2003	-22	-2014	11	-11	2040	2006	1981	1931	1941	1938
329	2026	2003	-23	-2014	11	-11	2039	2004	1981	1932	1942	1939
330	2026	2003	-22	-2015	11	-11	2040	2004	1982	1932	1943	1942
331	2026	2004	-22	-2015	11	-11	2040	2003	1983	1933	1944	1944
332	2026	2006	-20	-2016	10	-10	2041	2004	1985	1933	1945	1947
333	2026	2007	-18	-2017	9	-9	2041	2006	1987	1934	1947	1950
334	2026	2009	-17	-2018	8	-8	2042	2009	1989	1936	1949	1952
335	2027	2011	-16	-2019	8	-8	2043	2012	1992	1939	1951	1953
336	2029	2014	-15	-2021	7	-7	2044	2015	1994	1942	1954	1955
337	2031	2016	-15	-2023	7	-7	2045	2018	1997	1946	1957	1956
338	2033	2018	-14	-2026	7	-7	2046	2021	2000	1951	1961	1958
339	2035	2021	-14	-2028	7	-7	2047	2025	2004	1956	1965	1961
340	2037	2024	-13	-2031	6	-6	2049	2028	2008	1962	1970	1964
341	2039	2028	-11	-2033	5	-5	2051	2032	2013	1968	1976	1968
342	2042	2032	-10	-2037	5	-5	2055	2036	2018	1974	1983	1973
343	2044	2036	-8	-2040	4	-4	2059	2039	2023	1981	1990	1979
344	2047	2041	-5	-2044	2	-2	2064	2043	2029	1988	1997	1985
345	2050	2046	-3	-2048	1	-1	2069	2047	2035	1996	2004	1992
346	2054	2052	-1	-2053	0	0	2073	2051	2042	2005	2010	1998
347	2057	2057	0	-2057	0	0	2078	2057	2049	2014	2017	2005
348	2061	2061	0	-2061	0	0	2082	2063	2056	2024	2024	2013
349	2065	2065	0	-2065	0	0	2086	2069	2065	2035	2033	2021
350	2069	2069	0	-2069	0	0	2090	2075	2074	2046	2042	2029
351	2072	2075	2	-2073	-1	1	2095	2082	2083	2057	2051	2039
352	2076	2080	4	-2078	-2	2	2100	2089	2092	2068	2062	2048
353	2079	2087	7	-2083	-3	3	2106	2096	2101	2079	2072	2058
354	2082	2093	11	-2088	-5	5	2112	2102	2110	2089	2083	2067
355	2086	2100	14	-2093	-7	7	2120	2108	2119	2099	2093	2077
356	2090	2108	17	-2099	-8	8	2129	2115	2129	2110	2103	2086
357	2096	2116	19	-2106	-9	9	2138	2123	2140	2122	2113	2096
358	2102	2124	21	-2113	-10	10	2148	2132	2153	2137	2124	2106
359	2109	2132	22	-2120	-11	11	2157	2141	2165	2153	2136	2118
360	2116	2140	23	-2128	-11	11	2165	2149	2177	2169	2150	2130
361	2123	2148	24	-2135	-12	12	2172	2158	2189	2185	2163	2143
362	2129	2156	27	-2143	-13	13	2178	2166	2202	2200	2177	2156
363	2135	2166	30	-2150	-15	15	2184	2177	2216	2215	2192	2170
364	2141	2177	35	-2159	-17	17	2192	2190	2233	2232	2209	2185
365	2148	2189	41	-2168	-20	20	2203	2206	2252	2253	2228	2204
366	2156	2204	48	-2180	-24	24	2216	2225	2275	2279	2250	2225
367	2166	2220	54	-2193	-27	27	2230	2245	2300	2309	2274	2249
368	2177	2237	59	-2207	-29	29	2245	2263	2326	2341	2299	2273
369	2190	2254	64	-2222	-32	32	2259	2281	2353	2373	2323	2297
370	2202	2270	68	-2236	-34	34	2273	2296	2377	2403	2345	2317
371	2213	2284	71	-2248	-35	35	2283	2308	2396	2428	2364	2332
372	2221	2293	72	-2257	-36	36	2289	2315	2410	2447	2377	2340
373	2225	2297	72	-2261	-36	36	2290	2316	2415	2456	2383	2342
374	2225	2296	70	-2260	-35	35	2286	2312	2412	2456	2382	2337
375	2221	2290	68	-2256	-34	34	2280	2304	2403	2448	2375	2328
376	2216	2282	65	-2249	-32	32	2272	2293	2390	2433	2363	2315
377	2210	2274	63	-2242	-31	31	2265	2282	2377	2417	2350	2302
378	2203	2265	61	-2234	-30	30	2258	2271	2363	2400	2337	2289
379	2197	2255	58	-2226	-29	29	2249	2257	2348	2382	2323	2273
380	2188	2241	52	-2214	-26	26	2236	2239	2326	2358	2304	2250
381	2175	2220	45	-2198	-22	22	2216	2214	2295	2324	2275	2219
382	2156	2193	36	-2175	-18	18	2190	2182	2253	2277	2234	2179
383	2134	2161	27	-2147	-13	13	2160	2145	2202	2217	2184	2132
384	2108	2125	17	-2117	-8	8	2129	2107	2147	2151	2128	2083
385	2083	2091	8	-2087	-4	4	2100	2073	2094	2086	2075	2038
386	2060	2061	0	-2061	0	0	2076	2044	2047	2029	2028	2000
387	2043	2037	-5	-2040	2	-2	2058	2022	2011	1983	1990	1971
388	2029	2019	-10	-2024	5	-5	2044	2006	1985	1949	1962	1951
389	2021	2006	-14	-2013	7	-7	2034	1995	1968	1926	1941	1937
390	2015	1998	-16	-2006	8	-8	2028	1989	1958	1911	1928	1929
391	2012	1993	-18	-2003	9	-9	2023	1985	1954	1903	1921	1926
392	2010	1991	-18	-2001	9	-9	2021	1984	1953	1900	1918	1925
393	2009	1991	-18	-2000	9	-9	2021	1984	1953	1900	1919	1925
394	2009	1991	-17	-2000	8	-8	2021	1984	1954	1901	1921	1926
395	2008	1992	-15	-2000	7	-7	2023	1984	1955	1902	1923	1926
396	2008	1994	-14	-2001	7	-7	2024	1985	1956	1903	1925	1926
397	2008	1996	-12	-2002	6	-6	2025	1985	1957	1902	1926	1927
398	2009	1997	-11	-2003	5	-5	2026	1986	1958	1902	1927	1929
399	2009	1998	-11	-2004	5	-5	2027	1986	1959	1902	1928	1930
400	2010	1998	-12	-2004	6	-6	2027	1987	1960	1902	1928	1931
401	2011	1998	-13	-2004	6	-6	2026	1987	1960	1902	1929	1933
402	2011	1997	-13	-2004	6	-6	2025	1987	1960	1903	1930	1934
403	2012	1997	-14	-2005	7	-7	2025	1987	1961	1903	1931	1936
404	2013	1997	-15	-2005	7	-7	2024	1987	1961	1904	1933	1937
405	2013	1997	-16	-2005	8	-8	2025	1988	1961	1905	1934	1938
406	2014	1997	-17	-2006	8	-8	2025	1989	1961	1907	1934	1939
407	2015	1997	-17	-2006	8	-8	2026	1989	1961	1910	1935	1940
408	2016	1997	-18	-2007	9	-9	2027	1989	1962	1913	1935	1941
409	2016	1997	-19	-2007	9	-9	2028	1989	1963	1916	1935	1942
410	2016	1997	-19	-2006	9	-9	2030	1989	1963	1917	1935	1942
411	2016	1996	-20	-2006	10	-10	2031	1990	1963	1918	1934	1942
412	2017	1996	-20	-2006	10	-10	2031	1990	1962	1919	1934	1942
413	2017	1996	-21	-2007	10	-10	2030	1991	1962	1919	1934	1942
414	2018	1996	-22	-2007	11	-11	2029	1992	1962	1920	1934	1941
415	2019	1997	-22	-2008	11	-11	2027	1993	1963	1921	1935	1941
416	2020	1997	-22	-2008	11	-11	2026	1994	1964	1922	1936	1941
417	2020	1998	-22	-2009	11	-11	2026	1994	1965	1923	1937	1942
418	2020	1999	-21	-2009	10	-10	2027	1995	1965	1923	1937	1943
419	2020	2000	-19	-2010	9	-9	2028	1995	1966	1922	1937	1944
420	2020	2001	-18	-2010	9	-9	2029	1995	1966	1922	1938	1945
421	2020	2002	-17	-2011	8	-8	2029	1995	1966	1922	1938	1945
422	2021	2004	-17	-2012	8	-8	2029	1995	1967	1922	1938	1944
423	2022	2004	-17	-2013	8	-8	2029	1995	1968	1923	1938	1944
424	2024	2005	-18	-2014	9	-9	2030	1994	1969	1923	1939	1944
425	2024	2005	-19	-2015	9	-9	2032	1994	1970	1923	1939	1945
426	2025	2005	-20	-2015	10	-10	2033	1993	1970	1923	1940	1946
427	2026	2005	-20	-2015	10	-10	2034	1993	1971	1923	1940	1948
428	2026	2006	-20	-2016	10	-10	2034	1994	1971	1924	1940	1950
429	2026	2006	-20	-2016	10	-10	2034	1994	1971	1926	1940	1950
430	2026	2006	-20	-2016	10	-10	2034	1994	1972	1927	1940	1951
431	2027	2006	-20	-2016	10	-10	2033	1994	1973	1928	1940	1950
432	2027	2006	-20	-2017	10	-10	2033	1994	1973	1929	1940	1950
433	2027	2006	-20	-2017	10	-10	2033	1994	1974	1930	1941	1950
434	2027	2006	-20	-2017	10	-10	2034	1993	1974	1931	1942	1951
435	2027	2006	-21	-2017	10	-10	2034	1994	1974	1932	1943	1953
436	2027	2006	-21	-2017	10	-10	2034	1994	1974	1934	1944	1953
437	2028	2007	-20	-2017	10	-10	2033	1995	1974	1935	1945	1954
438	2028	2008	-19	-2018	9	-9	2034	1997	1975	1936	1945	1955
439	2029	2009	-19	-2019	9	-9	2035	1998	1976	1937	1946	1956
440	2029	2010	-19	-2019	9	-9	2036	2000	1977	1939	1946	1957
441	2029	2010	-19	-2020	9	-9	2037	2001	1978	1940	1946	1958
442	2029	2009	-20	-2019	10	-10	2037	2001	1978	1941	1945	1960
443	2030	2009	-21	-2019	10	-10	2037	2002	1978	1942	1946	1961
444	2031	2008	-22	-2019	11	-11	2037	2002	1978	1942	1946	1961
445	2032	2008	-24	-2020	12	-12	2036	2002	1978	1943	1947	1960
446	2033	2008	-25	-2021	12	-12	2035	2002	1977	1943	1948	1960
447	2034	2009	-25	-2021	12	-12	2035	2003	1978	1943	1949	1960
448	2035	2010	-24	-2022	12	-12	2035	2004	1979	1943	1949	1960
449	2035	2012	-23	-2023	11	-11	2034	2004	1981	1943	1948	1961
450	2035	2013	-21	-2024	10	-10	2034	2004	1983	1943	1948	1961
451	2035	2015	-20	-2025	10	-10	2034	2003	1984	1942	1949	1961
452	2035	2016	-19	-2025	9	-9	2033	2002	1985	1942	1949	1961
453	2036	2017	-19	-2026	9	-9	2033	2002	1986	1942	1950	1960
454	2037	2017	-19	-2027	9	-9	2033	2002	1987	1941	1950	1961
455	2039	2017	-21	-2028	10	-10	2033	2002	1988	1941	1950	1961
456	2040	2016	-24	-2028	12	-12	2033	2003	1989	1941	1950	1962
457	2041	2015	-26	-2028	13	-13	2034	2003	1989	1941	1951	1963
458	2042	2015	-27	-2028	13	-13	2034	2003	1989	1942	1953	1964
459	2043	2015	-27	-2029	13	-13	2034	2003	1990	1943	1955	1965
460	2042	2015	-27	-2028	13	-13	2035	2003	1991	1944	1956	1966
461	2041	2015	-26	-2028	13	-13	2036	2002	1992	1945	1956	1967
462	2040	2015	-24	-2028	12	-12	2037	2002	1994	1945	1956	1968
463	2039	2015	-23	-2027	11	-11	2037	2003	1995	1946	1955	1968
464	2038	2016	-22	-2027	11	-11	2038	2003	1996	1946	1953	1969
465	2038	2016	-21	-2027	10	-10	2038	2004	1997	1947	1952	1970
466	2037	2016	-20	-2027	10	-10	2037	2005	1997	1947	1951	1971
467	2037	2017	-19	-2027	9	-9	2037	2007	1996	1946	1951	1972
468	2036	2017	-18	-2026	9	-9	2037	2008	1996	1946	1952	1972
469	2034	2017	-17	-2026	8	-8	2038	2009	1996	1946	1954	1972
470	2034	2018	-15	-2026	7	-7	2040	2009	1997	1947	1956	1972
471	2033	2018	-14	-2026	7	-7	2041	2010	1997	1948	1957	1971
472	2033	2019	-13	-2026	6	-6	2042	2010	1997	1949	1959	1971
473	2034	2020	-13	-2027	6	-6	2043	2011	1998	1951	1959	1971
474	2034	2021	-13	-2028	6	-6	2042	2011	1999	1953	1960	1970
475	2035	2021	-13	-2028	6	-6	2042	2011	2000	1954	1960	1970
476	2034	2021	-13	-2028	6	-6	2042	2011	2001	1954	1960	1970
477	2034	2021	-12	-2027	6	-6	2042	2011	2001	1955	1960	1970
478	2034	2021	-12	-2027	6	-6	2042	2010	2000	1955	1961	1971
479	2034	2021	-13	-2028	6	-6	2042	2010	2000	1955	1962	1971
480	2035	2021	-14	-2028	7	-7	2042	2011	1999	1956	1963	1971
481	2037	2021	-15	-2029	7	-7	2042	2012	1999	1957	1964	1971
482	2038	2021	-16	-2029	8	-8	2042	2013	1999	1957	1964	1971
483	2038	2021	-17	-2030	8	-8	2042	2014	2000	1956	1965	1972
484	2038	2022	-15	-2030	7	-7	2042	2014	2000	1955	1966	1972
485	2037	2023	-14	-2030	7	-7	2042	2014	2000	1954	1967	1972
486	2036	2024	-12	-2030	6	-6	2041	2014	2001	1953	1968	1972
487	2035	2025	-10	-2030	5	-5	2041	2013	2002	1954	1969	1972
488	2035	2025	-10	-2030	5	-5	2042	2013	2002	1955	1970	1973
489	2035	2025	-10	-2030	5	-5	2042	2013	2002	1955	1971	1974
490	2035	2024	-10	-2030	5	-5	2043	2014	2002	1956	1972	1975
491	2035	2024	-11	-2029	5	-5	2044	2014	2002	1955	1972	1976
492	2035	2023	-12	-2029	6	-6	2045	2015	2003	1954	1971	1977
493	2036	2023	-13	-2029	6	-6	2045	2016	2004	1953	1971	1978
494	2037	2022	-15	-2030	7	-7	2044	2016	2006	1953	1971	1978
495	2038	2022	-16	-2030	8	-8	2044	2017	2007	1953	1971	1978
496	2039	2022	-16	-2031	8	-8	2043	2017	2007	1953	1970	1978
497	2040	2023	-17	-2031	8	-8	2043	2017	2008	1954	1969	1978
498	2040	2024	-16	-2032	8	-8	2043	2016	2008	1955	1969	1978
499	2041	2026	-15	-2033	7	-7	2044	2016	2008	1955	1970	1978
500	2042	2027	-14	-2034	7	-7	2045	2015	2009	1956	1971	1978
501	2042	2029	-13	-2035	6	-6	2046	2015	2010	1957	1973	1978
502	2043	2029	-13	-2036	6	-6	2047	2015	2010	1959	1975	1979
503	2042	2029	-12	-2036	6	-6	2048	2016	2011	1961	1977	1980
504	2041	2030	-11	-2036	5	-5	2048	2017	2011	1964	1978	1981
505	2040	2030	-9	-2035	4	-4	2048	2018	2011	1966	1978	1982
506	2039	2030	-8	-2035	4	-4	2048	2019	2011	1967	1978	1982
507	2038	2031	-7	-2035	3	-3	2049	2020	2010	1968	1979	1982
508	2039	2031	-8	-2035	4	-4	2050	2020	2010	1969	1979	1982
509	2041	2031	-9	-2036	4	-4	2052	2020	2009	1970	1980	1982
510	2043	2031	-11	-2037	5	-5	2055	2022	2010	1971	1981	1982
511	2045	2032	-12	-2038	6	-6	2059	2026	2013	1973	1983	1986
512	2048	2036	-12	-2042	6	-6	2066	2034	2020	1979	1988	1993
513	2054	2045	-9	-2050	4	-4	2077	2048	2034	1992	2000	2007
514	2063	2059	-4	-2061	2	-2	2094	2067	2053	2012	2019	2027
515	2074	2077	2	-2076	-1	1	2114	2090	2077	2039	2044	2053
516	2088	2098	10	-2093	-5	5	2136	2113	2104	2071	2074	2080
517	2103	2120	16	-2111	-8	8	2157	2135	2130	2105	2104	2107
518	2117	2140	23	-2128	-11	11	2176	2155	2153	2136	2133	2130
519	2129	2157	28	-2143	-14	14	2191	2170	2173	2163	2157	2149
520	2138	2170	31	-2154	-15	15	2202	2182	2188	2184	2176	2162
521	2144	2180	35	-2162	-17	17	2209	2191	2199	2198	2190	2171
522	2147	2185	37	-2166	-18	18	2213	2196	2206	2208	2199	2175
523	2148	2188	40	-2168	-20	20	2213	2198	2208	2211	2203	2175
524	2147	2189	41	-2168	-20	20	2210	2197	2206	2210	2202	2171
525	2145	2186	41	-2165	-20	20	2204	2192	2199	2204	2196	2164
526	2141	2180	38	-2160	-19	19	2195	2183	2189	2193	2185	2154
527	2136	2170	34	-2153	-17	17	2183	2170	2175	2178	2169	2139
528	2128	2155	27	-2142	-13	13	2167	2152	2158	2158	2149	2121
529	2118	2138	19	-2128	-9	9	2149	2130	2136	2133	2125	2099
530	2106	2118	12	-2112	-6	6	2127	2106	2111	2104	2097	2074
531	2091	2096	5	-2094	-2	2	2105	2081	2084	2072	2067	2047
532	2076	2075	0	-2076	0	0	2085	2059	2058	2042	2038	2022
533	2062	2057	-5	-2060	2	-2	2068	2040	2035	2014	2012	2001
534	2052	2043	-8	-2047	4	-4	2056	2028	2018	1993	1993	1986
535	2045	2034	-10	-2040	5	-5	2049	2020	2008	1979	1981	1978
536	2042	2030	-12	-2036	6	-6	2045	2016	2003	1972	1977	1976
537	2041	2028	-13	-2034	6	-6	2045	2014	2003	1969	1977	1977
538	2040	2027	-13	-2033	6	-6	2045	2012	2003	1968	1979	1978
539	2040	2026	-13	-2033	6	-6	2046	2011	2004	1968	1980	1979
540	2039	2026	-13	-2032	6	-6	2047	2010	2005	1969	1981	1980
541	2038	2026	-12	-2032	6	-6	2048	2009	2005	1969	1980	1980
542	2038	2025	-12	-2032	6	-6	2049	2009	2006	1969	1979	1980
543	2038	2025	-12	-2032	6	-6	2050	2010	2006	1969	1978	1980
544	2039	2026	-13	-2032	6	-6	2049	2011	2007	1969	1978	1981
545	2040	2027	-13	-2033	6	-6	2049	2011	2007	1969	1978	1982
546	2041	2027	-13	-2034	6	-6	2048	2012	2008	1969	1978	1983
547	2042	2028	-13	-2035	6	-6	2047	2011	2008	1969	1978	1984
548	2042	2028	-13	-2035	6	-6	2046	2011	2007	1969	1978	1985
549	2042	2029	-13	-2036	6	-6	2046	2012	2007	1969	1979	1987
550	2043	2029	-13	-2036	6	-6	2046	2012	2006	1968	1979	1989
551	2043	2029	-13	-2036	6	-6	2046	2013	2005	1968	1979	1991
552	2042	2028	-14	-2035	7	-7	2045	2012	2004	1968	1979	1990
553	2041	2022	-19	-2031	9	-9	2041	2004	1998	1963	1973	1982
554	2036	2005	-31	-2020	15	-15	2032	1987	1982	1947	1955	1960
555	2025	1973	-51	-1999	25	-25	2017	1961	1955	1916	1917	1922
556	2012	1935	-76	-1973	38	-38	2005	1940	1928	1876	1870	1883
557	2003	1908	-94	-1956	47	-47	2008	1943	1927	1853	1840	1872
558	2013	1916	-97	-1965	48	-48	2042	1990	1979	1882	1862	1921
559	2055	1979	-75	-2017	37	-37	2116	2094	2109	1995	1970	2057
560	2133	2106	-27	-2120	13	-13	2232	2255	2323	2208	2180	2282
561	2248	2290	42	-2269	-21	21	2382	2462	2610	2514	2480	2582
562	2388	2511	123	-2449	-61	61	2548	2685	2940	2883	2843	2921
563	2535	2734	198	-2634	-99	99	2696	2878	3256	3256	3213	3240
564	2664	2917	253	-2791	-126	126	2793	2991	3492	3571	3521	3480
565	2751	3026	274	-2888	-137	137	2809	2984	3588	3764	3710	3589
566	2777	3034	256	-2905	-128	128	2727	2837	3506	3789	3736	3541
567	2737	2937	199	-2837	-99	99	2551	2558	3246	3633	3591	3341
568	2638	2753	115	-2695	-57	57	2301	2182	2843	3315	3301	3026
569	2496	2514	18	-2505	-9	9	2017	1771	2362	2886	2919	2656
570	2339	2270	-69	-2304	34	-34	1754	1406	1894	2429	2518	2303
571	2194	2059	-135	-2126	67	-67	1560	1157	1522	2018	2167	2019
572	2079	1910	-169	-1995	84	-84	1470	1071	1304	1722	1911	1835
573	2006	1835	-170	-1920	85	-85	1490	1148	1260	1569	1767	1753
574	1972	1826	-146	-1899	73	-73	1595	1344	1359	1550	1726	1754
575	1969	1861	-108	-1915	54	-54	1741	1588	1541	1623	1758	1806
576	1984	1914	-70	-1949	35	-35	1880	1803	1733	1735	1821	1869
577	2003	1961	-42	-1982	21	-21	1979	1946	1878	1835	1880	1918
578	2016	1990	-25	-2003	12	-12	2032	2014	1958	1898	1917	1943
579	2022	2004	-18	-2013	9	-9	2051	2030	1985	1923	1932	1950
580	2023	2008	-14	-2015	7	-7	2054	2027	1984	1926	1934	1948
581	2022	2008	-13	-2015	6	-6	2052	2020	1978	1921	1932	1945
582	2021	2008	-12	-2014	6	-6	2050	2015	1973	1916	1930	1944
583	2020	2008	-12	-2014	6	-6	2049	2013	1971	1914	1930	1945
584	2021	2009	-11	-2015	5	-5	2049	2011	1971	1913	1930	1947
585	2021	2010	-10	-2015	5	-5	2049	2011	1972	1914	1932	1948
586	2022	2011	-10	-2017	5	-5	2049	2011	1974	1915	1933	1949
587	2022	2013	-9	-2018	4	-4	2050	2012	1975	1916	1935	1949
588	2023	2014	-9	-2018	4	-4	2050	2014	1977	1918	1936	1948
589	2024	2014	-9	-2019	4	-4	2050	2016	1979	1921	1938	1948
590	2025	2015	-9	-2020	4	-4	2050	2018	1980	1924	1941	1949
591	2026	2016	-9	-2021	4	-4	2050	2020	1982	1928	1944	1951
592	2026	2017	-9	-2021	4	-4	2050	2022	1985	1932	1947	1954
593	2027	2018	-8	-2022	4	-4	2052	2024	1987	1935	1951	1958
594	2028	2020	-7	-2024	3	-3	2055	2026	1990	1940	1954	1963
595	2030	2023	-7	-2026	3	-3	2058	2028	1994	1944	1957	1968
596	2033	2026	-6	-2030	3	-3	2062	2031	1999	1950	1960	1973
597	2037	2030	-6	-2033	3	-3	2067	2035	2004	1956	1964	1979
598	2040	2034	-5	-2037	2	-2	2071	2040	2010	1963	1969	1984
599	2043	2038	-5	-2041	2	-2	2075	2045	2016	1970	1975	1990
600	2046	2041	-4	-2044	2	-2	2079	2050	2022	1978	1982	1996
601	2048	2045	-3	-2046	1	-1	2082	2056	2027	1986	1990	2002
602	2050	2048	-2	-2049	1	-1	2085	2061	2033	1995	1998	2009
603	2053	2052	-1	-2053	0	0	2089	2065	2040	2004	2005	2015
604	2057	2057	0	-2057	0	0	2094	2070	2049	2014	2014	2021
605	2061	2063	1	-2062	0	0	2098	2075	2059	2024	2022	2028
606	2067	2070	2	-2068	-1	1	2102	2081	2069	2035	2031	2036
607	2073	2077	4	-2075	-2	2	2107	2087	2079	2045	2039	2044
608	2078	2084	5	-2081	-2	2	2112	2094	2089	2056	2048	2052
609	2083	2091	7	-2087	-3	3	2118	2100	2099	2067	2057	2060
610	2088	2098	10	-2093	-5	5	2125	2107	2109	2079	2066	2069
611	2092	2105	13	-2098	-6	6	2131	2114	2119	2091	2076	2078
612	2096	2113	16	-2104	-8	8	2138	2122	2130	2105	2087	2088
613	2100	2121	20	-2110	-10	10	2144	2131	2141	2120	2099	2099
614	2105	2129	23	-2117	-11	11	2150	2140	2154	2134	2114	2110
615	2110	2137	26	-2124	-13	13	2157	2150	2166	2148	2128	2121
616	2116	2145	29	-2130	-14	14	2163	2160	2178	2161	2142	2132
617	2121	2154	32	-2137	-16	16	2169	2170	2190	2174	2155	2143
618	2126	2163	36	-2144	-18	18	2177	2180	2202	2187	2168	2155
619	2132	2173	40	-2152	-20	20	2185	2191	2216	2204	2181	2169
620	2139	2184	45	-2162	-22	22	2195	2204	2232	2223	2196	2186
621	2147	2198	50	-2173	-25	25	2206	2219	2252	2247	2215	2206
622	2158	2214	56	-2186	-28	28	2220	2235	2275	2274	2239	2229
623	2169	2230	61	-2200	-30	30	2235	2253	2300	2304	2264	2254
624	2181	2247	65	-2214	-32	32	2250	2271	2325	2336	2290	2279
625	2193	2263	70	-2228	-35	35	2265	2288	2350	2368	2315	2302
626	2203	2277	73	-2240	-36	36	2278	2301	2371	2397	2337	2322
627	2212	2289	76	-2250	-38	38	2288	2311	2388	2420	2353	2335
628	2217	2295	78	-2256	-39	39	2294	2315	2398	2435	2364	2342
629	2218	2297	78	-2258	-39	39	2295	2314	2400	2440	2367	2341
630	2216	2293	77	-2255	-38	38	2291	2308	2394	2435	2362	2333
631	2212	2286	74	-2249	-37	37	2284	2300	2384	2423	2352	2322
632	2206	2278	71	-2242	-35	35	2275	2291	2371	2407	2339	2310
633	2200	2269	68	-2235	-34	34	2266	2282	2357	2390	2324	2298
634	2195	2261	65	-2228	-32	32	2257	2272	2343	2373	2309	2285
635	2189	2250	61	-2220	-30	30	2245	2257	2325	2353	2290	2268
636	2180	2235	55	-2208	-27	27	2228	2236	2299	2325	2265	2244
637	2165	2213	47	-2189	-23	23	2205	2207	2261	2285	2231	2209
638	2146	2183	37	-2164	-18	18	2177	2172	2214	2231	2186	2165
639	2122	2148	25	-2135	-12	12	2147	2134	2160	2167	2134	2116
640	2097	2112	14	-2104	-7	7	2117	2097	2105	2101	2081	2067
641	2074	2079	5	-2076	-2	2	2091	2064	2056	2039	2031	2024
642	2054	2051	-2	-2053	1	-1	2069	2038	2016	1987	1989	1989
643	2038	2030	-8	-2034	4	-4	2052	2017	1986	1946	1956	1962
644	2027	2014	-13	-2020	6	-6	2039	2002	1965	1916	1933	1944
645	2019	2002	-16	-2011	8	-8	2031	1992	1951	1896	1918	1931
646	2015	1995	-19	-2005	9	-9	2027	1987	1942	1884	1909	1925
647	2013	1991	-21	-2002	10	-10	2025	1984	1937	1878	1905	1922
648	2013	1990	-23	-2002	11	-11	2025	1984	1936	1877	1904	1923
649	2014	1990	-24	-2002	12	-12	2025	1984	1937	1879	1905	1924
650	2015	1990	-25	-2003	12	-12	2026	1984	1938	1881	1906	1926
651	2016	1991	-24	-2004	12	-12	2027	1985	1940	1883	1906	1928
652	2017	1992	-24	-2004	12	-12	2029	1986	1942	1885	1907	1929
653	2017	1993	-23	-2005	11	-11	2031	1988	1944	1886	1908	1930
654	2017	1993	-23	-2005	11	-11	2032	1989	1945	1887	1909	1931
655	2017	1993	-23	-2005	11	-11	2034	1990	1945	1888	1909	1931
656	2017	1993	-23	-2005	11	-11	2035	1990	1945	1889	1910	1932
657	2016	1993	-23	-2004	11	-11	2035	1990	1945	1889	1910	1932
658	2016	1993	-23	-2005	11	-11	2034	1991	1945	1890	1910	1932
659	2017	1994	-22	-2005	11	-11	2034	1991	1947	1890	1911	1933
660	2017	1995	-21	-2006	10	-10	2033	1992	1948	1890	1912	1933
661	2018	1997	-20	-2007	10	-10	2032	1991	1950	1890	1913	1932
662	2018	1999	-19	-2009	9	-9	2030	1991	1951	1890	1914	1932
663	2018	2000	-18	-2009	9	-9	2029	1991	1952	1891	1915	1931
664	2018	2000	-17	-2009	8	-8	2028	1991	1952	1892	1917	1930
665	2017	2000	-17	-2009	8	-8	2027	1992	1952	1892	1918	1930
666	2017	2000	-17	-2008	8	-8	2027	1993	1952	1893	1919	1930
667	2017	2000	-17	-2008	8	-8	2027	1993	1953	1894	1921	1930
668	2018	2000	-18	-2009	9	-9	2027	1994	1953	1895	1922	1931
669	2018	2000	-18	-2009	9	-9	2028	1994	1954	1895	1923	1932
670	2019	2000	-18	-2009	9	-9	2028	1994	1955	1896	1924	1933
671	2019	2001	-18	-2010	9	-9	2029	1995	1956	1897	1923	1933
672	2019	2002	-17	-2010	8	-8	2031	1996	1956	1898	1923	1933
673	2019	2002	-16	-2010	8	-8	2032	1997	1955	1899	1923	1933
674	2018	2003	-15	-2010	7	-7	2033	1998	1955	1900	1924	1933
675	2017	2003	-14	-2010	7	-7	2034	1998	1954	1902	1926	1933
676	2016	2003	-13	-2010	6	-6	2034	1998	1953	1903	1928	1934
677	2016	2003	-12	-2009	6	-6	2035	1997	1953	1904	1932	1936
678	2016	2003	-12	-2010	6	-6	2036	1997	1953	1905	1934	1938
679	2017	2004	-12	-2010	6	-6	2037	1996	1953	1905	1936	1940
680	2018	2004	-13	-2011	6	-6	2037	1996	1953	1906	1937	1941
681	2019	2005	-14	-2012	7	-7	2036	1997	1954	1906	1937	1941
682	2020	2005	-14	-2013	7	-7	2035	1998	1953	1906	1937	1940
683	2020	2006	-13	-2013	6	-6	2034	1998	1953	1905	1937	1940
684	2020	2007	-12	-2014	6	-6	2033	1999	1953	1905	1937	1940
685	2019	2007	-12	-2013	6	-6	2032	1999	1953	1905	1937	1940
686	2019	2007	-11	-2013	5	-5	2032	2000	1953	1906	1937	1940
687	2019	2007	-12	-2013	6	-6	2033	2000	1953	1906	1937	1942
688	2019	2006	-12	-2013	6	-6	2034	2001	1953	1907	1938	1943
689	2019	2007	-12	-2013	6	-6	2035	2000	1954	1908	1938	1944
690	2020	2007	-12	-2013	6	-6	2036	2001	1955	1909	1938	1945
691	2019	2008	-11	-2014	5	-5	2037	2001	1955	1910	1939	1945
692	2019	2009	-10	-2014	5	-5	2037	2002	1955	1910	1940	1945
693	2019	2010	-9	-2014	4	-4	2037	2003	1955	1911	1940	1945
694	2020	2011	-9	-2015	4	-4	2037	2005	1956	1912	1939	1945
695	2021	2011	-10	-2016	5	-5	2037	2007	1956	1913	1939	1946
696	2023	2012	-11	-2017	5	-5	2037	2008	1958	1914	1938	1947
697	2024	2012	-11	-2018	5	-5	2038	2008	1959	1915	1937	1949
698	2025	2013	-11	-2019	5	-5	2039	2009	1960	1916	1938	1950
699	2025	2014	-10	-2020	5	-5	2039	2009	1960	1916	1939	1950
700	2025	2015	-9	-2020	4	-4	2040	2010	1961	1915	1940	1949
701	2024	2016	-7	-2020	3	-3	2041	2010	1961	1915	1943	1948
702	2023	2017	-6	-2020	3	-3	2041	2010	1962	1915	1945	1946
703	2023	2017	-5	-2020	2	-2	2041	2010	1963	1916	1948	1946
704	2022	2017	-4	-2020	2	-2	2040	2009	1964	1916	1949	1946
705	2022	2017	-4	-2020	2	-2	2039	2009	1965	1917	1950	1947
706	2023	2018	-5	-2020	2	-2	2038	2008	1965	1918	1950	1949
707	2024	2018	-6	-2021	3	-3	2037	2007	1965	1919	1949	1952
708	2026	2018	-7	-2022	3	-3	2037	2007	1964	1920	1948	1954
709	2027	2018	-8	-2023	4	-4	2036	2008	1964	1922	1947	1956
710	2029	2018	-10	-2023	5	-5	2035	2008	1964	1923	1946	1957
711	2029	2018	-11	-2023	5	-5	2035	2008	1963	1924	1946	1957
712	2029	2017	-11	-2023	5	-5	2035	2008	1963	1925	1946	1957
713	2029	2017	-11	-2023	5	-5	2036	2009	1963	1926	1946	1957
714	2028	2017	-10	-2023	5	-5	2037	2009	1963	1926	1946	1958
715	2028	2017	-10	-2023	5	-5	2038	2008	1963	1926	1946	1958
716	2027	2018	-9	-2022	4	-4	2039	2008	1964	1926	1945	1957
717	2026	2018	-7	-2022	3	-3	2040	2007	1964	1926	1945	1955
718	2026	2019	-6	-2022	3	-3	2040	2007	1965	1927	1945	1954
719	2025	2020	-4	-2023	2	-2	2040	2006	1966	1928	1946	1954
720	2024	2020	-3	-2022	1	-1	2040	2006	1967	1928	1946	1955
721	2023	2020	-3	-2022	1	-1	2040	2006	1968	1928	1947	1957
722	2023	2019	-4	-2021	2	-2	2039	2005	1969	1927	1948	1960
723	2023	2017	-5	-2020	2	-2	2040	2005	1969	1927	1950	1962
724	2023	2016	-7	-2020	3	-3	2040	2006	1969	1927	1952	1964
725	2024	2015	-8	-2020	4	-4	2041	2006	1969	1928	1954	1965
726	2026	2015	-10	-2020	5	-5	2041	2007	1969	1929	1955	1966
727	2027	2015	-11	-2021	5	-5	2042	2009	1970	1931	1957	1967
728	2028	2016	-12	-2022	6	-6	2042	2010	1971	1932	1958	1967
729	2029	2016	-12	-2023	6	-6	2043	2011	1973	1933	1959	1967
730	2029	2017	-12	-2023	6	-6	2044	2011	1975	1934	1960	1966
731	2029	2018	-10	-2023	5	-5	2045	2011	1976	1935	1960	1965
732	2028	2019	-9	-2024	4	-4	2046	2011	1978	1936	1960	1965
733	2028	2021	-7	-2025	3	-3	2047	2011	1978	1936	1961	1965
734	2029	2022	-6	-2025	3	-3	2047	2011	1979	1936	1961	1965
735	2030	2023	-6	-2026	3	-3	2047	2012	1979	1937	1961	1965
736	2031	2022	-8	-2026	4	-4	2047	2013	1979	1937	1961	1966
737	2031	2022	-9	-2027	4	-4	2047	2014	1979	1938	1961	1966
738	2031	2022	-8	-2027	4	-4	2047	2015	1978	1939	1961	1967
739	2031	2023	-7	-2027	3	-3	2047	2016	1978	1940	1961	1967
740	2030	2025	-5	-2027	2	-2	2046	2015	1977	1941	1960	1968
741	2030	2026	-4	-2028	2	-2	2045	2015	1976	1942	1959	1968
742	2030	2026	-3	-2028	1	-1	2044	2014	1976	1942	1959	1969
743	2030	2027	-2	-2028	1	-1	2043	2013	1976	1942	1960	1970
744	2030	2027	-3	-2029	1	-1	2042	2013	1977	1941	1961	1971
745	2031	2027	-4	-2029	2	-2	2041	2013	1978	1941	1961	1971
746	2031	2026	-5	-2028	2	-2	2041	2014	1979	1941	1963	1972
747	2031	2024	-7	-2028	3	-3	2042	2013	1980	1942	1964	1973
748	2032	2023	-9	-2028	4	-4	2043	2013	1980	1944	1965	1973
749	2033	2022	-11	-2028	5	-5	2044	2012	1981	1945	1966	1974
750	2035	2021	-13	-2028	6	-6	2045	2012	1982	1947	1967	1974
751	2036	2021	-15	-2028	7	-7	2046	2012	1982	1948	1967	1974
752	2037	2021	-15	-2029	7	-7	2047	2012	1983	1949	1967	1973
753	2037	2022	-15	-2030	7	-7	2047	2012	1983	1949	1967	1972
754	2037	2023	-13	-2030	6	-6	2047	2011	1984	1949	1968	1972
755	2036	2024	-12	-2030	6	-6	2046	2011	1986	1950	1968	1972
756	2036	2025	-10	-2030	5	-5	2047	2010	1986	1950	1968	1973
757	2035	2025	-10	-2030	5	-5	2047	2010	1986	1950	1968	1974
758	2035	2025	-10	-2030	5	-5	2047	2010	1986	1951	1968	1976
759	2036	2025	-10	-2030	5	-5	2049	2010	1986	1952	1968	1977
760	2036	2025	-11	-2031	5	-5	2050	2010	1986	1953	1968	1977
761	2037	2025	-11	-2031	5	-5	2052	2010	1987	1953	1968	1977
762	2037	2025	-11	-2031	5	-5	2053	2011	1987	1954	1968	1976
763	2037	2026	-10	-2031	5	-5	2053	2011	1988	1954	1968	1975
764	2036	2027	-9	-2032	4	-4	2053	2012	1987	1955	1968	1975
765	2037	2029	-8	-2033	4	-4	2053	2012	1986	1955	1968	1974
766	2038	2031	-6	-2035	3	-3	2055	2014	1986	1956	1969	1975
767	2041	2036	-5	-2039	2	-2	2060	2019	1988	1959	1973	1979
768	2047	2044	-2	-2045	1	-1	2069	2028	1997	1968	1982	1989
769	2055	2056	0	-2056	0	0	2083	2043	2012	1983	1997	2005
770	2067	2073	5	-2070	-2	2	2102	2064	2034	2007	2020	2029
771	2079	2092	12	-2086	-6	6	2123	2087	2060	2037	2048	2056
772	2093	2112	18	-2102	-9	9	2144	2112	2088	2070	2078	2084
773	2106	2131	25	-2118	-12	12	2164	2135	2114	2102	2107	2109
774	2117	2149	31	-2133	-15	15	2182	2154	2136	2131	2133	2130
775	2127	2163	36	-2145	-18	18	2197	2170	2153	2154	2154	2146
776	2134	2175	40	-2155	-20	20	2208	2181	2165	2171	2171	2158
777	2141	2183	41	-2162	-20	20	2216	2187	2173	2183	2182	2165
778	2146	2187	41	-2166	-20	20	2219	2190	2178	2190	2188	2168
779	2149	2188	38	-2168	-19	19	2218	2188	2178	2192	2190	2168
780	2149	2185	35	-2167	-17	17	2212	2183	2174	2189	2186	2163
781	2147	2179	31	-2163	-15	15	2203	2174	2166	2180	2178	2156
782	2141	2170	28	-2155	-14	14	2191	2162	2154	2168	2166	2144
783	2133	2158	25	-2145	-12	12	2176	2147	2138	2150	2150	2129
784	2122	2143	21	-2132	-10	10	2158	2128	2119	2127	2131	2109
785	2109	2124	15	-2117	-7	7	2138	2107	2096	2100	2107	2085
786	2095	2103	8	-2099	-4	4	2117	2082	2071	2068	2080	2058
787	2081	2081	0	-2081	0	0	2095	2058	2046	2034	2051	2030
788	2067	2061	-5	-2064	2	-2	2076	2036	2022	2002	2023	2005
789	2055	2045	-10	-2050	5	-5	2060	2019	2003	1975	2000	1987
790	2047	2034	-12	-2041	6	-6	2049	2008	1990	1956	1983	1975
791	2041	2029	-12	-2035	6	-6	2043	2002	1983	1945	1973	1971
792	2038	2027	-11	-2033	5	-5	2040	2000	1980	1940	1969	1970
793	2038	2027	-10	-2033	5	-5	2040	2000	1981	1938	1969	1972
794	2038	2028	-9	-2033	4	-4	2041	1999	1983	1939	1969	1974
795	2038	2030	-8	-2034	4	-4	2041	1999	1985	1940	1970	1975
796	2038	2030	-7	-2034	3	-3	2042	1998	1986	1941	1970	1975
797	2038	2030	-7	-2034	3	-3	2042	1998	1987	1943	1969	1974
798	2038	2030	-8	-2034	4	-4	2043	1998	1986	1945	1969	1973
799	2037	2029	-8	-2033	4	-4	2043	1998	1986	1946	1969	1972
800	2037	2029	-8	-2033	4	-4	2044	1999	1986	1947	1970	1972
801	2036	2028	-8	-2032	4	-4	2045	2000	1986	1947	1971	1971
802	2036	2028	-8	-2032	4	-4	2046	2001	1988	1947	1973	1971
803	2036	2028	-8	-2032	4	-4	2046	2001	1989	1947	1975	1971
804	2037	2028	-8	-2032	4	-4	2047	2001	1990	1947	1975	1972
805	2037	2029	-8	-2033	4	-4	2047	2001	1991	1947	1975	1974
806	2038	2029	-9	-2033	4	-4	2047	2001	1991	1947	1975	1975
807	2039	2028	-10	-2033	5	-5	2047	2001	1992	1947	1975	1976
808	2039	2024	-14	-2032	7	-7	2045	1998	1989	1946	1972	1972
809	2037	2013	-23	-2025	11	-11	2038	1987	1980	1938	1961	1959
810	2030	1990	-40	-2010	20	-20	2025	1967	1959	1918	1934	1929
811	2017	1954	-63	-1985	31	-31	2009	1943	1929	1883	1889	1889
812	2004	1918	-85	-1961	42	-42	2001	1931	1910	1849	1846	1860
813	2001	1904	-96	-1953	48	-48	2016	1953	1929	1846	1836	1873
814	2023	1936	-87	-1979	43	-43	2067	2025	2014	1911	1896	1960
815	2080	2028	-51	-2054	25	-25	2161	2156	2182	2069	2050	2138
816	2175	2183	8	-2179	-4	4	2294	2339	2433	2325	2304	2402
817	2302	2389	86	-2345	-43	43	2455	2558	2746	2664	2639	2727
818	2449	2618	169	-2533	-84	84	2618	2773	3078	3039	3013	3067
819	2592	2829	237	-2711	-118	118	2750	2935	3367	3393	3363	3358
820	2705	2983	277	-2844	-138	138	2814	2998	3547	3658	3622	3544
821	2768	3046	278	-2907	-139	139	2787	2928	3565	3778	3739	3583
822	2765	3002	237	-2884	-118	118	2661	2719	3399	3720	3686	3461
823	2696	2859	162	-2778	-81	81	2448	2392	3067	3485	3469	3201
824	2575	2642	67	-2608	-33	33	2176	1992	2617	3108	3128	2852
825	2422	2393	-29	-2407	14	-14	1895	1592	2131	2657	2727	2482
826	2267	2159	-108	-2213	54	-54	1659	1273	1699	2212	2340	2156
827	2134	1975	-158	-2055	79	-79	1511	1098	1395	1851	2027	1917
828	2037	1863	-174	-1950	87	-87	1475	1093	1260	1623	1822	1784
829	1982	1822	-160	-1902	80	-80	1541	1236	1289	1537	1729	1747
830	1964	1837	-126	-1900	63	-63	1672	1465	1436	1567	1727	1778
831	1970	1884	-85	-1927	42	-42	1820	1704	1631	1665	1780	1839
832	1987	1936	-51	-1961	25	-25	1941	1885	1805	1775	1846	1896
833	2003	1974	-29	-1988	14	-14	2014	1988	1918	1857	1896	1931
834	2013	1995	-18	-2004	9	-9	2045	2024	1968	1900	1922	1944
835	2018	2004	-14	-2011	7	-7	2051	2025	1978	1911	1929	1945
836	2020	2007	-13	-2013	6	-6	2049	2018	1974	1908	1929	1942
837	2021	2007	-13	-2014	6	-6	2046	2012	1968	1902	1927	1940
838	2022	2008	-14	-2015	7	-7	2045	2009	1966	1898	1927	1939
839	2023	2008	-14	-2016	7	-7	2046	2007	1965	1896	1928	1940
840	2023	2009	-14	-2016	7	-7	2047	2007	1966	1897	1930	1941
841	2022	2010	-12	-2016	6	-6	2049	2007	1967	1899	1933	1942
842	2021	2010	-10	-2016	5	-5	2049	2008	1968	1902	1935	1944
843	2020	2011	-8	-2016	4	-4	2050	2009	1969	1905	1938	1946
844	2020	2013	-7	-2016	3	-3	2050	2010	1970	1909	1941	1948
845	2020	2014	-5	-2017	2	-2	2050	2012	1972	1913	1943	1950
846	2021	2016	-5	-2018	2	-2	2051	2014	1974	1916	1947	1951
847	2023	2017	-5	-2020	2	-2	2052	2015	1977	1919	1950	1952
848	2024	2019	-5	-2021	2	-2	2053	2017	1981	1923	1954	1954
849	2025	2019	-5	-2022	2	-2	2055	2020	1984	1927	1957	1957
850	2026	2020	-6	-2023	3	-3	2058	2022	1988	1931	1960	1961
851	2028	2021	-6	-2024	3	-3	2061	2025	1992	1935	1963	1966
852	2030	2023	-6	-2026	3	-3	2064	2028	1997	1940	1966	1971
853	2032	2027	-5	-2029	2	-2	2066	2032	2003	1946	1970	1976
854	2036	2031	-4	-2034	2	-2	2069	2036	2009	1952	1975	1982
855	2040	2037	-2	-2038	1	-1	2072	2040	2016	1960	1981	1987
856	2044	2044	0	-2044	0	0	2076	2044	2023	1968	1988	1993
857	2047	2050	2	-2049	-1	1	2080	2048	2030	1977	1995	1999
858	2051	2056	5	-2054	-2	2	2085	2053	2036	1987	2002	2005
859	2054	2062	7	-2058	-3	3	2090	2058	2043	1998	2010	2012
860	2058	2067	9	-2063	-4	4	2096	2064	2051	2010	2018	2019
861	2062	2073	10	-2067	-5	5	2101	2071	2059	2022	2026	2027
862	2066	2078	12	-2072	-6	6	2106	2078	2069	2034	2035	2035
863	2069	2084	14	-2077	-7	7	2111	2085	2078	2046	2045	2043
864	2073	2091	17	-2082	-8	8	2116	2091	2087	2058	2055	2052
865	2077	2098	20	-2088	-10	10	2121	2097	2096	2069	2065	2061
866	2082	2105	22	-2093	-11	11	2126	2104	2105	2081	2074	2070
867	2087	2112	24	-2099	-12	12	2132	2111	2115	2093	2084	2080
868	2092	2119	26	-2106	-13	13	2138	2119	2126	2106	2095	2091
869	2098	2126	28	-2112	-14	14	2144	2128	2138	2120	2106	2103
870	2104	2134	30	-2119	-15	15	2150	2138	2150	2135	2119	2115
871	2110	2143	32	-2127	-16	16	2156	2147	2163	2150	2132	2127
872	2117	2151	33	-2134	-16	16	2162	2156	2175	2165	2146	2139
873	2124	2159	35	-2141	-17	17	2169	2164	2187	2179	2159	2149
874	2131	2167	36	-2149	-18	18	2178	2173	2201	2193	2172	2161
875	2138	2177	38	-2157	-19	19	2188	2184	2218	2211	2186	2176
876	2146	2189	42	-2167	-21	21	2200	2197	2238	2232	2202	2193
877	2154	2203	49	-2179	-24	24	2214	2213	2261	2258	2222	2214
878	2164	2220	56	-2192	-28	28	2228	2231	2286	2288	2245	2238
879	2174	2238	63	-2206	-31	31	2244	2249	2312	2319	2270	2262
880	2185	2255	70	-2220	-35	35	2259	2268	2337	2351	2295	2286
881	2196	2271	75	-2233	-37	37	2273	2285	2360	2380	2319	2307
882	2206	2285	78	-2245	-39	39	2284	2298	2379	2405	2340	2324
883	2214	2295	80	-2254	-40	40	2292	2307	2391	2423	2354	2334
884	2220	2299	79	-2260	-39	39	2294	2310	2396	2433	2361	2337
885	2222	2299	76	-2261	-38	38	2292	2307	2394	2433	2361	2332
886	2221	2295	73	-2258	-36	36	2287	2300	2385	2426	2354	2322
887	2217	2287	69	-2252	-34	34	2280	2290	2372	2413	2343	2310
888	2212	2278	66	-2245	-33	33	2272	2280	2357	2398	2330	2298
889	2205	2268	63	-2237	-31	31	2264	2270	2343	2383	2316	2286
890	2198	2257	59	-2228	-29	29	2253	2258	2326	2365	2302	2273
891	2189	2243	53	-2216	-26	26	2239	2240	2304	2341	2282	2253
892	2177	2223	46	-2200	-23	23	2219	2216	2273	2306	2254	2223
893	2160	2196	36	-2178	-18	18	2193	2184	2230	2257	2215	2183
894	2138	2163	24	-2150	-12	12	2164	2147	2179	2197	2166	2135
895	2114	2127	12	-2120	-6	6	2133	2110	2125	2131	2112	2084
896	2090	2092	1	-2091	0	0	2104	2076	2074	2065	2059	2036
897	2068	2060	-7	-2064	3	-3	2079	2047	2030	2008	2014	1996
898	2049	2035	-14	-2042	7	-7	2060	2023	1996	1962	1977	1964
899	2034	2016	-18	-2025	9	-9	2046	2005	1970	1928	1950	1942
900	2023	2003	-19	-2013	9	-9	2037	1991	1953	1905	1930	1927
901	2014	1995	-19	-2004	9	-9	2031	1981	1941	1890	1918	1918
902	2008	1991	-17	-1999	8	-8	2028	1976	1934	1883	1911	1914
903	2005	1989	-16	-1997	8	-8	2027	1974	1931	1880	1908	1913
904	2003	1988	-15	-1996	7	-7	2027	1974	1930	1880	1907	1914
905	2003	1988	-15	-1995	7	-7	2027	1976	1930	1882	1907	1916
906	2004	1987	-16	-1996	8	-8	2025	1977	1931	1883	1908	1919
907	2005	1987	-17	-1996	8	-8	2023	1977	1931	1883	1910	1921
908	2005	1987	-18	-1996	9	-9	2021	1977	1932	1884	1911	1923
909	2006	1987	-18	-1997	9	-9	2019	1976	1933	1883	1913	1924
910	2006	1988	-18	-1997	9	-9	2017	1976	1934	1883	1915	1924
911	2007	1988	-18	-1997	9	-9	2017	1976	1935	1882	1916	1924
912	2008	1988	-19	-1998	9	-9	2017	1977	1935	1882	1916	1924
913	2008	1989	-19	-1999	9	-9	2017	1979	1936	1883	1915	1924
914	2009	1989	-19	-1999	9	-9	2017	1981	1936	1885	1914	1923
915	2009	1990	-18	-1999	9	-9	2017	1983	1937	1887	1914	1923
916	2008	1991	-16	-2000	8	-8	2018	1984	1938	1889	1914	1923
917	2007	1993	-14	-2000	7	-7	2020	1985	1938	1889	1916	1924
918	2007	1994	-12	-2000	6	-6	2021	1985	1940	1889	1918	1926
919	2007	1994	-12	-2001	6	-6	2022	1986	1941	1889	1919	1928
920	2007	1994	-12	-2001	6	-6	2023	1986	1942	1889	1920	1929
921	2009	1994	-14	-2001	7	-7	2023	1986	1944	1889	1921	1930
922	2011	1993	-17	-2002	8	-8	2023	1986	1944	1890	1921	1930
923	2013	1993	-19	-2003	9	-9	2023	1986	1945	1891	1921	1930
924	2014	1993	-21	-2004	10	-10	2023	1986	1945	1892	1921	1930
925	2016	1994	-21	-2005	10	-10	2023	1986	1946	1892	1922	1931
926	2017	1995	-21	-2006	10	-10	2022	1986	1947	1893	1923	1933
927	2018	1997	-21	-2007	10	-10	2022	1986	1947	1894	1923	1935
928	2019	1998	-20	-2009	10	-10	2022	1987	1948	1895	1924	1936
929	2020	2000	-20	-2010	10	-10	2022	1987	1948	1896	1925	1937
930	2020	2001	-19	-2010	9	-9	2023	1987	1948	1897	1926	1937
931	2020	2001	-18	-2010	9	-9	2024	1987	1949	1898	1926	1937
932	2019	2002	-17	-2010	8	-8	2025	1987	1950	1898	1926	1937
933	2018	2002	-16	-2010	8	-8	2026	1986	1951	1899	1926	1937
934	2018	2002	-15	-2010	7	-7	2027	1986	1953	1899	1926	1939
935	2018	2003	-15	-2010	7	-7	2029	1987	1954	1899	1926	1940
936	2019	2003	-15	-2011	7	-7	2030	1987	1955	1899	1927	1942
937	2020	2004	-15	-2012	7	-7	2031	1988	1955	1900	1927	1944
938	2020	2005	-15	-2013	7	-7	2032	1989	1953	1900	1928	1945
939	2020	2005	-14	-2013	7	-7	2031	1990	1952	1901	1929	1946
940	2019	2006	-13	-2012	6	-6	2030	1990	1951	1902	1930	1946
941	2018	2006	-11	-2012	5	-5	2029	1991	1951	1903	1931	1947
942	2016	2006	-10	-2011	5	-5	2028	1992	1951	1903	1932	1947
943	2016	2007	-8	-2011	4	-4	2027	1993	1952	1904	1933	1948
944	2015	2007	-8	-2011	4	-4	2027	1994	1954	1905	1934	1949
945	2016	2008	-7	-2012	3	-3	2027	1995	1954	1906	1935	1951
946	2016	2008	-7	-2012	3	-3	2027	1995	1955	1907	1935	1951
947	2016	2009	-6	-2012	3	-3	2027	1995	1956	1909	1936	1952
948	2015	2010	-5	-2013	2	-2	2027	1995	1956	1910	1936	1951
949	2014	2010	-4	-2012	2	-2	2027	1994	1956	1911	1937	1951
950	2014	2011	-3	-2012	1	-1	2028	1994	1956	1912	1938	1950
951	2013	2011	-2	-2012	1	-1	2030	1995	1956	1913	1939	1951
952	2014	2012	-1	-2013	0	0	2031	1996	1956	1913	1941	1951
953	2014	2012	-1	-2013	0	0	2033	1997	1957	1914	1942	1952
954	2015	2013	-2	-2014	1	-1	2034	1997	1958	1914	1944	1953
955	2016	2014	-2	-2015	1	-1	2034	1997	1960	1914	1944	1953
956	2017	2014	-2	-2016	1	-1	2034	1997	1961	1915	1945	1953
957	2017	2015	-2	-2016	1	-1	2034	1996	1961	1915	1946	1953
958	2018	2016	-1	-2017	0	0	2034	1995	1960	1916	1946	1953
959	2018	2017	-1	-2017	0	0	2035	1995	1959	1917	1947	1954
960	2019	2017	-1	-2018	0	0	2035	1995	1958	1919	1947	1954
961	2019	2017	-2	-2018	1	-1	2035	1995	1958	1921	1947	1955
962	2020	2017	-3	-2019	1	-1	2034	1995	1958	1922	1948	1956
963	2021	2017	-3	-2019	1	-1	2034	1994	1958	1923	1948	1957
964	2022	2018	-3	-2020	1	-1	2034	1993	1959	1923	1947	1957
965	2022	2019	-3	-2021	1	-1	2034	1993	1959	1922	1946	1957
966	2022	2020	-2	-2021	1	-1	2034	1994	1959	1921	1946	1957
967	2021	2020	-1	-2021	0	0	2035	1996	1959	1921	1945	1958
968	2021	2020	0	-2020	0	0	2035	1998	1959	1921	1946	1958
969	2020	2020	0	-2020	0	0	2035	2000	1961	1921	1947	1958
970	2020	2020	0	-2020	0	0	2035	2002	1962	1922	1950	1958
971	2021	2020	-1	-2020	0	0	2034	2003	1964	1923	1952	1958
972	2022	2020	-2	-2021	1	-1	2034	2003	1966	1923	1955	1959
973	2023	2021	-2	-2022	1	-1	2034	2002	1968	1923	1956	1959
974	2024	2021	-2	-2023	1	-1	2034	2001	1969	1923	1957	1960
975	2024	2021	-3	-2022	1	-1	2034	2001	1969	1923	1958	1961
976	2024	2020	-3	-2022	1	-1	2035	2000	1970	1923	1958	1962
977	2024	2020	-4	-2022	2	-2	2035	1999	1970	1924	1958	1963
978	2024	2020	-4	-2022	2	-2	2035	1999	1970	1926	1959	1964
979	2024	2020	-3	-2022	1	-1	2035	2000	1970	1928	1960	1965
980	2025	2022	-2	-2023	1	-1	2035	2000	1969	1931	1961	1965
981	2025	2023	-2	-2024	1	-1	2035	2001	1968	1933	1962	1965
982	2026	2024	-2	-2025	1	-1	2034	2002	1967	1934	1963	1964
983	2027	2025	-2	-2026	1	-1	2034	2002	1966	1935	1963	1964
984	2028	2025	-2	-2027	1	-1	2034	2002	1966	1936	1963	1963
985	2028	2027	-1	-2028	0	0	2035	2002	1966	1936	1964	1964
986	2029	2027	-1	-2028	0	0	2036	2001	1965	1936	1964	1965
987	2029	2028	-1	-2029	0	0	2036	2001	1965	1936	1964	1966
988	2029	2028	-1	-2029	0	0	2037	2001	1965	1937	1964	1967
989	2029	2028	0	-2029	0	0	2038	2001	1965	1937	1964	1967
990	2029	2029	0	-2029	0	0	2039	2001	1966	1938	1963	1967
991	2028	2029	0	-2028	0	0	2039	2003	1967	1938	1963	1966
992	2027	2029	1	-2028	0	0	2040	2004	1968	1937	1964	1966
993	2027	2029	2	-2028	-1	1	2040	2005	1968	1936	1965	1967
994	2027	2030	2	-2029	-1	1	2040	2005	1969	1936	1967	1967
995	2028	2029	0	-2029	0	0	2040	2005	1969	1936	1968	1967
996	2029	2029	0	-2029	0	0	2040	2003	1969	1936	1969	1968
997	2030	2029	-1	-2030	0	0	2039	2002	1969	1936	1969	1968
998	2031	2029	-2	-2030	1	-1	2039	2001	1969	1936	1970	1969
999	2031	2030	-1	-2030	0	0	2040	2001	1970	1937	1970	1969
